GPS Time, Device Time, Longitude, Latitude,GPS Speed (Meters/second), Horizontal Dilution of Precision, Altitude, Bearing, G(x), G(y), G(z), G(calibrated), 0-60mph Time(s),Absolute Throttle Position B(%),Acceleration Sensor(Total)(g),Actual engine % torque(%),Air Fuel Ratio(Commanded)(:1),Air Fuel Ratio(Measured)(:1),Alcohol Fuel Percentage(%),Ambient air temp(°F),Average trip speed(whilst moving only)(mph),Average trip speed(whilst stopped or moving)(mph),Boost Pressure Commanded A(psi),Boost Pressure Commanded B(psi),Boost Pressure Sensor A(psi),Boost Pressure Sensor B(psi),Catalyst Temperature (Bank 1 Sensor 1)(°F),Catalyst Temperature (Bank 1 Sensor 2)(°F),Catalyst Temperature (Bank 2 Sensor 1)(°F),Catalyst Temperature (Bank 2 Sensor 2)(°F),Charge air cooler temperature (CACT)(°F),Commanded Equivalence Ratio(lambda),CO₂ in g/km (Average)(g/km),CO₂ in g/km (Instantaneous)(g/km),Drivers demand engine % torque(%),Engine Coolant Temperature(°F),Engine kW (At the wheels)(kW),Engine Load(%),Engine Load(Absolute)(%),Engine Oil Temperature(°F),Engine reference torque(Nm),Engine RPM(rpm),Exhaust gas temp Bank 1 Sensor 1(°F),Exhaust gas temp Bank 1 Sensor 2(°F),Exhaust gas temp Bank 1 Sensor 3(°F),Exhaust gas temp Bank 1 Sensor 4(°F),Exhaust gas temp Bank 2 Sensor 1(°F),Exhaust gas temp Bank 2 Sensor 2(°F),Exhaust gas temp Bank 2 Sensor 3(°F),Exhaust gas temp Bank 2 Sensor 4(°F),Exhaust Pressure Bank 1(psi),Exhaust Pressure Bank 2(psi),Fuel flow rate/minute(gal/min),Fuel Level (From Engine ECU)(%),Fuel pressure(psi),Fuel Rail Pressure(psi),Fuel Rail Pressure (relative to manifold vacuum)(psi),Fuel Rate (direct from ECU)(L/m),Horsepower (At the wheels)(hp),Hybrid/EV Battery State of Health(%),Hybrid/EV System Battery Current(A),Hybrid/EV System Battery Power(W),Hybrid/EV System Battery Voltage(V),Intake Air Temperature(°F),Intake Manfold Abs Pressure A(psi),Intake Manfold Abs Pressure B(psi),Intake Manifold Pressure(psi),Mass Air Flow Rate(g/s),Mass air flow sensor A(g/s),Mass air flow sensor B(g/s),Miles Per Gallon(Instant)(mpg),Percentage of City driving(%),Percentage of Highway driving(%),Percentage of Idle driving(%),Relative Accelerator Pedal Position(%),Relative Throttle Position(%),Throttle Position(Manifold)(%),Timing Advance(°),Torque(Nm),Transmission Temperature(Method 2)(°F),Turbo Boost & Vacuum Gauge(psi),Voltage (Control Module)(V),Voltage (OBD Adapter)(V),Volumetric Efficiency (Calculated)(%)
-,28-Oct-2024 13:50:51.185,-,-,-,-,-,-,4.59,3.17,-8.11,0.02,-,14.9,0,0,28.16,-,-,-,27.44,23.58,-,-,-,-,1115.96,-,-,-,-,2,-,-,-,195.8,-,0,0,-,520,777,-,-,-,-,-,-,-,-,-,-,0.01,30.59,-,2887.7,-,-,-,-,-,-,-,-,-,-,-,-,-,-,-,77.49,0,22.51,-,4.31,14.9,0,-,-,0,12.15,12.3,-
-,28-Oct-2024 13:50:51.245,-,-,-,-,-,-,4.59,3.17,-8.11,0.02,-,14.9,0,0,28.16,-,-,-,27.44,23.58,-,-,-,-,1115.96,-,-,-,-,2,-,-,-,195.8,-,0,0,-,520,778.5,-,-,-,-,-,-,-,-,-,-,0.01,30.59,-,2887.7,-,-,-,-,-,-,-,-,-,-,-,-,-,-,-,77.49,0,22.51,-,4.31,14.9,0,-,-,-14.65,12.15,12.3,-
-,28-Oct-2024 13:50:51.283,-,-,-,-,-,-,4.59,3.17,-8.11,0.02,-,14.9,0,0,28.16,-,-,-,27.44,23.58,-,-,-,-,1115.96,-,-,-,-,2,-,-,-,195.8,-,0,0,-,520,778.5,-,-,-,-,-,-,-,-,-,-,0.01,30.59,-,2887.7,-,-,-,-,-,-,-,-,-,-,-,-,-,-,-,77.49,0,22.51,-,4.31,14.9,0,-,-,-14.65,12.15,12.3,-
-,28-Oct-2024 13:50:51.321,-,-,-,-,-,-,4.59,3.17,-8.11,0.02,-,14.9,0,0,28.16,-,-,-,27.44,23.58,-,-,-,-,1115.96,-,-,-,-,2,-,-,-,195.8,-,0,0,-,520,778.5,-,-,-,-,-,-,-,-,-,-,0.01,30.59,-,2887.7,-,-,-,-,-,-,-,-,-,-,-,-,-,-,-,77.49,0,22.51,-,4.31,14.9,0,-,-,-14.65,12.15,12.3,-
-,28-Oct-2024 13:50:51.363,-,-,-,-,-,-,4.59,3.17,-8.11,0.02,-,14.9,0,0,28.16,-,-,-,27.44,23.58,-,-,-,-,1115.96,-,-,-,-,2,-,-,-,195.8,-,0,0,-,520,778.5,-,-,-,-,-,-,-,-,-,-,0.01,30.59,-,2887.7,-,-,-,-,-,-,-,-,-,-,-,-,-,-,-,77.49,0,22.51,-,4.31,14.9,0,-,-,-14.65,12.15,12.3,-
-,28-Oct-2024 13:50:51.423,-,-,-,-,-,-,4.59,3.17,-8.11,0.02,-,14.9,0,0,28.16,-,-,-,27.44,23.58,-,-,-,-,1115.96,-,-,-,-,2,-,-,-,195.8,-,0,0,-,520,778.5,-,-,-,-,-,-,-,-,-,-,0.01,30.59,-,2887.7,-,-,-,-,-,-,-,-,-,-,-,-,-,-,-,77.49,0,22.51,-,4.31,14.9,0,-,-,-14.65,12.15,12.3,-
-,28-Oct-2024 13:50:51.458,-,-,-,-,-,-,4.59,3.17,-8.11,0.02,-,14.9,0,0,28.16,-,-,-,27.44,23.58,-,-,-,-,1115.96,-,-,-,-,2,-,-,-,195.8,-,0,0,-,520,777.5,-,-,-,-,-,-,-,-,-,-,0.01,30.59,-,2887.7,-,-,-,-,-,-,-,-,-,-,-,-,-,-,-,77.49,0,22.51,-,4.31,14.9,0,-,-,-14.65,12.15,12.3,-
-,28-Oct-2024 13:50:51.501,-,-,-,-,-,-,4.59,3.17,-8.11,0.02,-,14.9,0,0,28.16,-,-,-,27.44,23.58,-,-,-,-,1115.96,-,-,-,-,2,-,-,-,195.8,-,0,0,-,520,777.5,-,-,-,-,-,-,-,-,-,-,0.01,30.59,-,2887.7,-,-,-,-,-,-,-,-,-,-,-,-,-,-,-,77.49,0,22.51,-,4.31,14.9,0,-,-,-14.65,12.15,12.3,-
-,28-Oct-2024 13:50:51.538,-,-,-,-,-,-,4.59,3.17,-8.11,0.02,-,14.9,0,0,28.16,-,-,-,27.44,23.58,-,-,-,-,1115.96,-,-,-,-,2,-,-,-,195.8,-,0,0,-,520,777.5,-,-,-,-,-,-,-,-,-,-,0.01,30.59,-,2887.7,-,-,-,-,-,-,-,-,-,-,-,-,-,-,-,77.49,0,22.51,-,4.31,14.9,0,-,-,-14.65,12.15,12.3,-
-,28-Oct-2024 13:50:51.576,-,-,-,-,-,-,4.59,3.17,-8.11,0.02,-,14.9,0,0,28.16,-,-,-,27.44,23.58,-,-,-,-,1115.96,-,-,-,-,2,-,-,-,195.8,-,0,0,-,520,777.5,-,-,-,-,-,-,-,-,-,-,0.01,30.59,-,2887.7,-,-,-,-,-,-,-,-,-,-,-,-,-,-,-,77.49,0,22.51,-,4.31,14.9,0,-,-,-14.65,12.15,12.3,-
-,28-Oct-2024 13:50:51.614,-,-,-,-,-,-,4.59,3.17,-8.11,0.02,-,14.9,0,0,28.16,-,-,-,27.44,23.58,-,-,-,-,1115.96,-,-,-,-,2,-,-,-,195.8,-,0,0,-,520,777.5,-,-,-,-,-,-,-,-,-,-,0.01,30.59,-,2887.7,-,-,-,-,-,-,-,-,-,-,-,-,-,-,-,77.49,0,22.51,-,4.31,14.9,0,-,-,-14.65,12.15,12.3,-
-,28-Oct-2024 13:50:51.654,-,-,-,-,-,-,4.59,3.17,-8.11,0.02,-,14.9,0,0,28.16,-,-,-,27.44,23.58,-,-,-,-,1115.96,-,-,-,-,2,-,-,-,195.8,-,0,0,-,520,776.5,-,-,-,-,-,-,-,-,-,-,0.01,30.59,-,2887.7,-,-,-,-,-,-,-,-,-,-,-,-,-,-,-,77.49,0,22.51,-,4.31,14.9,0,-,-,-14.65,12.15,12.3,-
-,28-Oct-2024 13:50:51.809,-,-,-,-,-,-,4.59,3.17,-8.11,0.02,-,14.9,0,0,28.16,-,-,59,27.44,23.58,-,-,-,-,1115.96,-,-,-,-,2,-,-,-,203,-,0,0,-,520,776.5,-,-,-,-,-,-,-,-,-,-,0.01,30.59,-,2887.7,-,-,-,-,-,-,-,-,-,-,-,-,-,-,-,77.49,0,22.51,-,4.31,14.9,0,-,-,-14.65,12.15,12.3,-
-,28-Oct-2024 13:50:51.874,-,-,-,-,-,-,0.58,3.62,9.28,0.04,-,14.9,0.02,0,28.16,-,-,59,27.44,23.58,-,-,-,-,1115.96,-,-,-,-,2,-,-,-,203,-,0,0,-,520,777.5,-,-,-,-,-,-,-,-,-,-,0.01,30.59,-,2887.7,-,-,-,-,-,-,-,-,-,-,-,-,-,-,-,77.49,0,22.51,-,4.31,14.9,0,-,-,-14.65,12.15,12.3,-
-,28-Oct-2024 13:50:51.915,-,-,-,-,-,-,0.44,4.4,9.14,0.05,-,14.9,0.02,0,28.16,-,-,59,27.44,23.58,-,-,-,-,1115.96,-,-,-,-,2,-,-,-,203,-,0,0,-,520,777.5,-,-,-,-,-,-,-,-,-,-,0.01,30.59,-,2887.7,-,-,-,-,-,-,-,-,-,-,-,-,-,-,-,77.49,0,22.51,-,4.31,14.9,0,-,-,-14.65,12.15,12.3,-
-,28-Oct-2024 13:50:51.954,-,-,-,-,-,-,0.5,4.1,8.95,0.02,-,14.9,0.01,0,28.16,-,-,59,27.44,23.58,-,-,-,-,1115.96,-,-,-,-,2,-,-,-,203,-,0,0,-,520,777.5,-,-,-,-,-,-,-,-,-,-,0.01,30.59,-,2887.7,-,-,-,-,-,-,-,-,-,-,-,-,-,-,-,77.49,0,22.51,-,4.31,14.9,0,-,-,-14.65,12.15,12.3,-
-,28-Oct-2024 13:50:51.992,-,-,-,-,-,-,0.52,3.91,9.27,0.05,-,14.9,0.01,0,28.16,-,-,59,27.44,23.58,-,-,-,-,1115.96,-,-,-,-,2,-,-,-,203,-,0,0,-,520,777.5,-,-,-,-,-,-,-,-,-,-,0.01,30.59,-,2887.7,-,-,-,-,-,-,-,-,-,-,-,-,-,-,-,77.49,0,22.51,-,4.31,14.9,0,-,-,-14.65,12.15,12.3,-
-,28-Oct-2024 13:50:52.625,-,-,-,-,-,-,0.13,4.67,8.7,0.03,-,11.76,-0.01,9,14.08,-,-,59,27.44,23.53,-,-,-,-,855.68,-,-,-,-,1,-,-,-,203,-,16.86,16.47,-,520,778,-,-,-,-,-,-,-,-,-,-,0.01,28.63,-,1866.64,-,-,-,-,-,-,-,-,-,-,-,-,-,-,-,77.41,0,22.59,-,1.18,11.76,15,-,-,-12.3,14.76,14.9,-
-,28-Oct-2024 13:50:53.539,-,-,-,-,-,-,0.6,4.52,8.83,0.03,-,11.76,0.03,9,14.08,-,-,59,27.44,23.49,-,-,-,-,855.68,-,-,-,-,1,-,-,-,203,-,16.86,16.47,-,520,778.5,-,-,-,-,-,-,-,-,-,-,0.01,28.63,-,1878.24,-,-,-,-,-,-,-,-,-,-,-,-,-,-,-,77.27,0,22.73,-,1.18,11.76,15,-,-,-12.3,14.72,14.9,-
Mon Oct 28 15:46:36 PDT 2024,28-Oct-2024 15:46:36.640,-122.38,45.60,20.829999923706055,10.53761100769043,92.6357421875,90.19999694824219,0.05,3.17,-10.31,0.12,-,10.59,0.13,7,14.08,-,-,-,30.74,30.74,-,-,-,-,1217.84,-,-,-,-,1,-,-,-,199.4,66.83,49.02,14.12,-,520,3005,-,-,-,-,-,-,-,-,-,-,0.01,26.67,-,2520.76,-,-,89.62,-,-,-,0,-,-,-,-,-,-,-,-,93.14,0,6.86,-,0.39,10.98,10.5,223.13,-,-12.6,14.8,14.9,-
Mon Oct 28 15:46:37 PDT 2024,28-Oct-2024 15:46:37.696,-122.38,45.60,21.31999969482422,10.224299430847168,93.96160888671875,90.0999984741211,-0.17,2.99,-11.35,0.22,-,10.59,0.19,7,14.08,-,-,-,30.87,30.87,-,-,-,-,1217.84,-,-,-,-,1,-,-,-,203,45,42.35,14.12,-,520,3118,-,-,-,-,-,-,-,-,-,-,0.01,26.67,-,2520.76,-,-,60.35,-,-,-,0,-,-,-,-,-,-,-,-,93.18,0,6.82,-,0.39,10.98,10.5,137.83,-,-12.6,14.83,14.9,-
Mon Oct 28 15:46:38 PDT 2024,28-Oct-2024 15:46:38.651,-122.38,45.60,21.34000015258789,10.279706954956055,95.45074462890625,90.30000305175781,-0.79,2.82,-9.47,0.03,-,10.59,-0.01,7,14.08,-,-,-,31,31,-,-,-,-,1217.84,-,-,-,-,1,-,-,-,203,45,37.65,14.12,-,520,2307,-,-,-,-,-,-,-,-,-,-,0.01,26.67,-,2520.76,-,-,60.35,-,-,-,0,-,-,-,-,-,-,-,-,93.22,0,6.78,-,0.39,10.98,10.5,137.83,-,-12.6,14.81,14.9,-
Mon Oct 28 15:46:39 PDT 2024,28-Oct-2024 15:46:39.624,-122.38,45.60,21.299999237060547,10.475055694580078,95.92510986328125,90.5999984741211,-0.12,2.56,-9.28,0,-,10.59,-0.03,7,14.08,-,-,-,31.13,31.13,-,-,-,-,1217.84,-,-,-,-,1,-,-,-,203,45,35.69,14.12,-,520,2279,-,-,-,-,-,-,-,-,-,-,0.01,26.67,-,2520.76,-,-,60.35,-,-,-,0,-,-,-,-,-,-,-,-,93.27,0,6.73,-,0.39,10.98,10.5,137.83,-,-12.6,14.81,14.9,-
Mon Oct 28 15:46:40 PDT 2024,28-Oct-2024 15:46:40.621,-122.38,45.60,21.1299991607666,10.924287796020508,96.2017822265625,90.4000015258789,-0.15,2.69,-9.99,0.07,-,10.59,0.07,7,14.08,-,-,-,31.25,31.25,-,-,-,-,1217.84,-,-,-,-,1,-,-,-,206.6,45,33.73,14.12,-,520,2229,-,-,-,-,-,-,-,-,-,-,0.01,26.67,-,2520.76,-,-,60.35,-,-,-,0,-,-,-,-,-,-,-,-,93.31,0,6.69,-,0.39,10.98,10.5,137.83,-,-12.6,14.82,14.9,-
Mon Oct 28 15:46:41 PDT 2024,28-Oct-2024 15:46:41.504,-122.38,45.60,20.81999969482422,11.507580757141113,96.69268798828125,90.9000015258789,-1.74,2.71,-9.45,0.04,-,10.59,0.01,7,14.08,-,-,-,31.36,31.36,-,-,-,-,1217.84,-,-,-,-,1,-,-,-,206.6,-,29.41,14.12,-,520,1782,-,-,-,-,-,-,-,-,-,-,0.01,26.67,-,2520.76,-,-,-,-,-,-,0,-,-,-,-,-,-,-,-,93.34,0,6.66,-,0.39,10.98,10.5,-,-,-12.6,14.8,14.9,-
Mon Oct 28 15:46:42 PDT 2024,28-Oct-2024 15:46:42.469,-122.38,45.60,19.559999465942383,10.752513885498047,100.337646484375,90.69999694824219,-0.34,2.26,-9.53,0.02,-,10.59,-0.04,7,14.08,-,-,-,31.46,31.46,-,-,-,-,1217.84,-,-,-,-,1,-,-,-,206.6,-,29.02,14.12,-,520,1744,-,-,-,-,-,-,-,-,-,-,0.01,26.67,-,2520.76,-,-,-,-,-,-,0,-,-,-,-,-,-,-,-,93.38,0,6.62,-,0.39,10.98,10.5,-,-,-12.6,14.79,14.9,-
Mon Oct 28 15:46:43 PDT 2024,28-Oct-2024 15:46:43.530,-122.38,45.60,19.09000015258789,10.516349792480469,100.67724609375,90.69999694824219,-0.62,1.91,-9.38,-0,-,10.59,-0.15,7,14.08,-,-,-,31.55,31.55,-,-,-,-,1217.84,-,-,-,-,1,-,-,-,210.2,-,38.04,14.12,-,520,1706,-,-,-,-,-,-,-,-,-,-,0.01,26.67,-,2520.76,-,-,-,-,-,-,0,-,-,-,-,-,-,-,-,93.43,0,6.57,-,0.39,10.98,10.5,-,-,-12.6,14.78,14.9,-
Mon Oct 28 15:46:44 PDT 2024,28-Oct-2024 15:46:44.446,-122.38,45.60,19.280000686645508,10.392646789550781,101.06427001953125,90.5999984741211,-0.42,2.19,-8.5,-0.09,-,10.59,-0.09,7,14.08,-,-,-,31.63,31.63,-,-,-,-,1217.84,-,-,-,-,1,-,-,-,210.2,-,43.53,14.12,-,520,1689,-,-,-,-,-,-,-,-,-,-,0.01,26.67,-,2520.76,-,-,-,-,-,-,0,-,-,-,-,-,-,-,-,93.47,0,6.53,-,0.39,10.98,10.5,-,-,-12.6,14.75,14.9,-
Mon Oct 28 15:46:45 PDT 2024,28-Oct-2024 15:46:45.415,-122.38,45.60,19.25,10.194498062133789,102.2535400390625,90.30000305175781,0.13,2.41,-8.61,-0.02,-,10.59,0.03,7,14.08,-,-,-,31.72,31.72,-,-,-,-,1217.84,-,-,-,-,1,-,-,-,210.2,-,40.39,14.12,-,520,1697,-,-,-,-,-,-,-,-,-,-,0.01,26.67,-,2520.76,-,-,-,-,-,-,0,-,-,-,-,-,-,-,-,93.5,0,6.5,-,0.39,10.98,10.5,-,-,-12.6,14.82,14.9,-
Mon Oct 28 15:46:46 PDT 2024,28-Oct-2024 15:46:46.432,-122.38,45.60,19.360000610351562,10.213815689086914,102.59539794921875,90.30000305175781,-0.4,2.37,-8.9,-0.04,-,10.59,0.04,7,14.08,-,-,-,31.8,31.8,-,-,-,-,1217.84,-,-,-,-,1,-,-,-,212,11.18,34.9,14.12,-,520,1710,-,-,-,-,-,-,-,-,-,-,0.01,26.67,-,2520.76,-,-,15,-,-,-,0,-,-,-,-,-,-,-,-,93.54,0,6.46,-,0.39,10.98,10.5,62.45,-,-12.6,14.82,14.9,-
Mon Oct 28 15:46:46 PDT 2024,28-Oct-2024 15:46:47.363,-122.38,45.60,19.360000610351562,10.213815689086914,102.59539794921875,90.30000305175781,-0.49,2.58,-8.22,-0.1,-,10.59,-0.11,7,14.08,-,-,-,31.89,31.89,-,-,-,-,1217.84,-,-,-,-,1,-,-,-,212,11.18,34.12,14.12,-,520,1724,-,-,-,-,-,-,-,-,-,-,0.01,26.67,-,2520.76,-,-,15,-,-,-,0,-,-,-,-,-,-,-,-,93.58,0,6.42,-,0.39,10.98,10.5,62.45,-,-12.6,14.83,14.9,-
Mon Oct 28 15:46:47 PDT 2024,28-Oct-2024 15:46:48.274,-122.38,45.60,19.530000686645508,10.209294319152832,103.2149658203125,90.4000015258789,-1.11,2.26,-9.83,0.05,-,10.59,0.03,7,14.08,-,-,-,31.98,31.98,-,-,-,-,1217.84,-,-,-,-,1,-,-,-,212,6.35,30.98,14.12,-,520,1730,-,-,-,-,-,-,-,-,-,-,0.01,26.67,-,2520.76,-,-,8.52,-,-,-,0,-,-,-,-,-,-,-,-,93.62,0,6.38,-,0.39,10.98,10.5,35.07,-,-12.6,14.82,14.9,-
Mon Oct 28 15:46:48 PDT 2024,28-Oct-2024 15:46:49.270,-122.38,45.60,19.549999237060547,10.306875228881836,104.02154541015625,90.9000015258789,-0.86,2.11,-9.01,-0.03,-,10.59,-0.09,7,14.08,-,-,-,32.07,32.07,-,-,-,-,1217.84,-,-,-,-,1,-,-,-,213.8,6.35,27.06,14.12,-,520,1732,-,-,-,-,-,-,-,-,-,-,0.01,26.67,-,2520.76,-,-,8.52,-,-,-,0,-,-,-,-,-,-,-,-,93.65,0,6.35,-,0.39,10.98,10.5,35.07,-,-12.6,14.83,14.9,-
Mon Oct 28 15:46:49 PDT 2024,28-Oct-2024 15:46:50.200,-122.38,45.60,19.479999542236328,10.4528169631958,104.766357421875,91.0,-0.56,2.02,-9.53,0.01,-,10.59,-0.08,7,14.08,-,-,-,32.15,32.15,-,-,-,-,1217.84,-,-,-,-,1,-,-,-,213.8,6.35,14.12,14.12,-,520,1719,-,-,-,-,-,-,-,-,-,-,0.01,26.67,-,2520.76,-,-,8.52,-,-,-,0,-,-,-,-,-,-,-,-,93.69,0,6.31,-,0.39,10.98,10.5,35.07,-,-12.6,14.83,14.9,-
Mon Oct 28 15:46:50 PDT 2024,28-Oct-2024 15:46:51.171,-122.38,45.60,19.1299991607666,10.73262882232666,104.5955810546875,90.80000305175781,-1.31,2.12,-9.53,0.02,-,10.59,-0.07,7,14.08,-,-,-,32.23,32.23,-,-,-,-,1217.84,-,-,-,-,1,-,-,-,213.8,6.35,14.12,14.12,-,520,1701,-,-,-,-,-,-,-,-,-,-,0.01,26.67,-,2520.76,-,-,8.52,-,-,-,0,-,-,-,-,-,-,-,-,93.72,0,6.28,-,0.39,10.98,10.5,35.07,-,-12.6,14.83,14.9,-
Mon Oct 28 15:46:51 PDT 2024,28-Oct-2024 15:46:52.180,-122.38,45.60,19.5,10.401853561401367,104.60797119140625,90.80000305175781,-0.24,2.09,-9.95,0.06,-,10.59,-0.03,7,14.08,-,-,-,32.31,32.31,-,-,-,-,1217.84,-,-,-,-,1,-,-,-,215.6,-,17.25,14.12,-,520,1687,-,-,-,-,-,-,-,-,-,-,0.01,26.67,-,2520.76,-,-,-,-,-,-,0,-,-,-,-,-,-,-,-,93.76,0,6.24,-,0.39,10.98,10.5,-,-,-12.6,14.82,15,-
Mon Oct 28 15:46:52 PDT 2024,28-Oct-2024 15:46:53.147,-122.38,45.60,19.100000381469727,10.371803283691406,104.93621826171875,91.0,-0.6,1.99,-9.3,-0.01,-,10.59,-0.06,7,14.08,-,-,-,32.39,32.39,-,-,-,-,1217.84,-,-,-,-,1,-,-,-,215.6,-,26.67,14.12,-,520,1682,-,-,-,-,-,-,-,-,-,-,0.01,26.67,-,2520.76,-,-,-,-,-,-,0,-,-,-,-,-,-,-,-,93.8,0,6.2,-,0.39,10.98,10.5,-,-,-12.6,14.82,14.9,-
Mon Oct 28 15:46:53 PDT 2024,28-Oct-2024 15:46:54.059,-122.38,45.60,19.229999542236328,10.386310577392578,104.3983154296875,90.5,-0.42,2.51,-8.33,-0.09,-,10.59,0.04,7,14.08,-,-,-,32.46,32.46,-,-,-,-,1217.84,-,-,-,-,1,-,-,-,215.6,-,29.02,14.12,-,520,1696,-,-,-,-,-,-,-,-,-,-,0.01,26.67,-,2520.76,-,-,-,-,-,-,0,-,-,-,-,-,-,-,-,93.83,0,6.17,-,0.39,10.98,10.5,-,-,-12.6,14.83,14.9,-
Mon Oct 28 15:46:54 PDT 2024,28-Oct-2024 15:46:55.010,-122.38,45.60,19.389999389648438,10.379867553710938,105.5352783203125,90.5999984741211,-0.83,2.65,-11.21,0.2,-,10.59,-0.11,7,14.08,-,-,-,32.54,32.54,-,-,-,-,1217.84,-,-,-,-,1,-,-,-,215.6,-,29.41,14.12,-,520,1704,-,-,-,-,-,-,-,-,-,-,0.01,26.67,-,2520.76,-,-,-,-,-,-,0,-,-,-,-,-,-,-,-,93.86,0,6.14,-,0.39,10.98,10.5,-,-,-12.6,14.82,14.9,-
Mon Oct 28 15:46:55 PDT 2024,28-Oct-2024 15:46:56.010,-122.38,45.60,19.520000457763672,10.300871849060059,105.81396484375,90.0,-0.44,2.44,-10.46,0.11,-,10.59,0.09,7,14.08,-,-,-,32.62,32.62,-,-,-,-,1217.84,-,-,-,-,1,-,-,-,215.6,6.19,53.73,14.12,-,520,1729,-,-,-,-,-,-,-,-,-,-,0.01,26.67,-,2520.76,-,-,8.3,-,-,-,0,-,-,-,-,-,-,-,-,93.9,0,6.1,-,0.39,10.98,10.5,34.2,-,-12.6,14.81,15,-
Mon Oct 28 15:46:56 PDT 2024,28-Oct-2024 15:46:56.955,-122.38,45.60,19.969999313354492,10.629850387573242,106.74267578125,90.5,1.39,2.24,-8.15,-0.11,-,10.59,-0.09,7,14.08,-,-,-,32.7,32.7,-,-,-,-,1217.84,-,-,-,-,1,-,-,-,215.6,6.19,53.73,14.12,-,520,1785,-,-,-,-,-,-,-,-,-,-,0.01,26.67,-,2520.76,-,-,8.3,-,-,-,0,-,-,-,-,-,-,-,-,93.93,0,6.07,-,0.39,10.98,10.5,34.2,-,-12.6,14.81,14.9,-
Mon Oct 28 15:46:57 PDT 2024,28-Oct-2024 15:46:57.896,-122.38,45.60,19.110000610351562,11.183116912841797,107.751953125,89.5999984741211,-0.68,2.77,-8.47,-0.07,-,10.59,0.01,7,14.08,-,-,-,32.8,32.8,-,-,-,-,1217.84,-,-,-,-,1,-,-,-,217.4,31.37,47.45,14.12,-,520,1849,-,-,-,-,-,-,-,-,-,-,0.01,26.67,-,2520.76,-,-,42.06,-,-,-,0,-,-,-,-,-,-,-,-,93.96,0,6.04,-,0.39,10.98,10.5,161.99,-,-12.6,14.81,14.9,-
Mon Oct 28 15:46:58 PDT 2024,28-Oct-2024 15:46:58.810,-122.38,45.60,21.200000762939453,10.754924774169922,107.6275634765625,90.0,-1.21,2.62,-10.72,0.15,-,10.59,0.13,7,14.08,-,-,-,32.9,32.9,-,-,-,-,1217.84,-,-,-,-,1,-,-,-,217.4,31.37,42.35,14.12,-,520,1883,-,-,-,-,-,-,-,-,-,-,0.01,26.67,-,2520.76,-,-,42.06,-,-,-,0,-,-,-,-,-,-,-,-,94,0,6,-,0.39,10.98,10.5,161.99,-,-12.6,14.81,14.9,-
Mon Oct 28 15:46:59 PDT 2024,28-Oct-2024 15:46:59.638,-122.37,45.60,21.59000015258789,10.762446403503418,107.89349365234375,89.5999984741211,-1.17,2.64,-9.76,0.06,-,10.59,0.01,7,14.08,-,-,-,33,33,-,-,-,-,1217.84,-,-,-,-,1,-,-,-,217.4,28.16,37.25,14.12,-,520,1925,-,-,-,-,-,-,-,-,-,-,0.01,26.67,-,2520.76,-,-,37.76,-,-,-,0,-,-,-,-,-,-,-,-,94.02,0,5.98,-,0.39,10.98,10.5,139.68,-,-12.6,14.82,14.9,-
Mon Oct 28 15:47:00 PDT 2024,28-Oct-2024 15:47:00.536,-122.37,45.60,22.010000228881836,10.672280311584473,108.94189453125,90.4000015258789,-0.96,2.66,-9.7,0.05,-,10.59,-0.03,7,14.08,-,-,-,33.11,33.11,-,-,-,-,1217.84,-,-,-,-,1,-,-,-,217.4,28.16,35.29,14.12,-,520,1942,-,-,-,-,-,-,-,-,-,-,0.01,26.67,-,2520.76,-,-,37.76,-,-,-,0,-,-,-,-,-,-,-,-,94.05,0,5.95,-,0.39,10.98,10.5,139.68,-,-12.6,14.82,14.9,-
Mon Oct 28 15:47:01 PDT 2024,28-Oct-2024 15:47:01.444,-122.37,45.60,22.149999618530273,10.831477165222168,109.6390380859375,89.9000015258789,-0.08,2.33,-9.87,0.05,-,10.59,-0.13,7,14.08,-,-,-,33.22,33.22,-,-,-,-,1217.84,-,-,-,-,1,-,-,-,217.4,15.54,35.29,14.12,-,520,1968,-,-,-,-,-,-,-,-,-,-,0.01,26.67,-,2520.76,-,-,20.84,-,-,-,0,-,-,-,-,-,-,-,-,94.08,0,5.92,-,0.39,10.98,10.5,75.4,-,-12.6,14.83,14.9,-
Mon Oct 28 15:47:02 PDT 2024,28-Oct-2024 15:47:02.507,-122.37,45.60,22.719999313354492,10.671323776245117,109.89044189453125,90.0999984741211,-0.44,2.58,-9.21,-0,-,10.59,0.01,7,14.08,-,-,-,33.33,33.33,-,-,-,-,1217.84,-,-,-,-,1,-,-,-,217.4,15.54,32.94,14.12,-,520,1984,-,-,-,-,-,-,-,-,-,-,0.01,26.67,-,2520.76,-,-,20.84,-,-,-,0,-,-,-,-,-,-,-,-,94.12,0,5.88,-,0.39,10.98,10.5,75.4,-,-12.6,14.82,14.9,-
Mon Oct 28 15:47:03 PDT 2024,28-Oct-2024 15:47:03.663,-122.37,45.60,22.84000015258789,10.31844425201416,110.32733154296875,89.30000305175781,-1.59,3.16,-11.34,0.23,-,10.59,0.11,7,14.08,-,-,-,33.44,33.44,-,-,-,-,1217.84,-,-,-,-,1,-,-,-,215.6,12.33,31.76,14.12,-,520,2013,-,-,-,-,-,-,-,-,-,-,0.01,26.67,-,2520.76,-,-,16.53,-,-,-,0,-,-,-,-,-,-,-,-,94.16,0,5.84,-,0.39,10.98,10.5,58.47,-,-12.6,14.82,14.9,-
Mon Oct 28 15:47:04 PDT 2024,28-Oct-2024 15:47:04.544,-122.37,45.60,22.850000381469727,10.387206077575684,110.83428955078125,89.69999694824219,-0.5,2.39,-9.2,-0.01,-,10.59,0,7,14.08,-,-,-,33.56,33.56,-,-,-,-,1217.84,-,-,-,-,1,-,-,-,215.6,12.33,31.76,14.12,-,520,2027,-,-,-,-,-,-,-,-,-,-,0.01,26.67,-,2520.76,-,-,16.53,-,-,-,0,-,-,-,-,-,-,-,-,94.18,0,5.82,-,0.39,10.98,10.5,58.47,-,-12.6,14.82,14.9,-
Mon Oct 28 15:47:05 PDT 2024,28-Oct-2024 15:47:05.537,-122.37,45.60,22.610000610351562,10.726914405822754,111.3316650390625,90.0,-0.88,1.49,-9.33,-0.01,-,10.59,-0.03,7,14.08,-,-,-,33.67,33.67,-,-,-,-,1217.84,-,-,-,-,1,-,-,-,215.6,7.67,18.43,14.12,-,520,2008,-,-,-,-,-,-,-,-,-,-,0.01,26.67,-,2520.76,-,-,10.29,-,-,-,0,-,-,-,-,-,-,-,-,94.22,0,5.78,-,0.39,10.98,10.5,36.49,-,-12.6,14.85,14.9,-
Mon Oct 28 15:47:06 PDT 2024,28-Oct-2024 15:47:06.558,-122.37,45.60,22.270000457763672,10.88552474975586,111.85955810546875,90.19999694824219,-1.22,2.33,-9.02,-0.02,-,10.59,-0.02,7,14.08,-,-,-,33.78,33.78,-,-,-,-,1217.84,-,-,-,-,1,-,-,-,213.8,7.67,5.49,14.12,-,520,1969,-,-,-,-,-,-,-,-,-,-,0.01,26.67,-,2520.76,-,-,10.29,-,-,-,0,-,-,-,-,-,-,-,-,94.25,0,5.75,-,0.39,10.98,10.5,36.49,-,-12.6,14.81,14.9,-
Mon Oct 28 15:47:07 PDT 2024,28-Oct-2024 15:47:07.501,-122.37,45.60,22.190000534057617,10.632290840148926,112.92620849609375,90.0,-0.45,2.24,-9.92,0.06,-,10.59,0.03,7,14.08,-,-,-,33.88,33.88,-,-,-,-,1217.84,-,-,-,-,1,-,-,-,213.8,7.67,21.96,14.12,-,520,1961,-,-,-,-,-,-,-,-,-,-,0.01,26.67,-,2520.76,-,-,10.29,-,-,-,0,-,-,-,-,-,-,-,-,94.28,0,5.72,-,0.39,10.98,10.5,36.49,-,-12.6,14.81,14.9,-
Mon Oct 28 15:47:08 PDT 2024,28-Oct-2024 15:47:08.515,-122.37,45.60,22.209999084472656,10.737717628479004,113.63555908203125,90.4000015258789,-1.3,2.01,-8.02,-0.13,-,10.59,-0.08,7,14.08,-,-,-,33.99,33.99,-,-,-,-,1217.84,-,-,-,-,1,-,-,-,213.8,-,25.1,14.12,-,520,1964,-,-,-,-,-,-,-,-,-,-,0.01,26.67,-,2520.76,-,-,-,-,-,-,0,-,-,-,-,-,-,-,-,94.31,0,5.69,-,0.39,10.98,10.5,-,-,-12.6,14.83,14.9,-
Mon Oct 28 15:47:09 PDT 2024,28-Oct-2024 15:47:09.527,-122.37,45.60,22.68000030517578,10.875078201293945,113.1412353515625,90.0999984741211,0.18,2.88,-7.83,-0.13,-,10.59,0.09,7,14.08,-,-,-,34.09,34.09,-,-,-,-,1217.84,-,-,-,-,1,-,-,-,210.2,-,25.1,14.12,-,520,1964,-,-,-,-,-,-,-,-,-,-,0.01,26.67,-,2520.76,-,-,-,-,-,-,0,-,-,-,-,-,-,-,-,94.34,0,5.66,-,0.39,10.98,10.5,-,-,-12.6,14.83,15,-
Mon Oct 28 15:47:10 PDT 2024,28-Oct-2024 15:47:10.469,-122.37,45.60,22.209999084472656,10.813328742980957,113.65667724609375,89.69999694824219,-0.94,2.1,-9.1,-0.08,-,10.59,-0.1,7,14.08,-,-,-,34.19,34.19,-,-,-,-,1217.84,-,-,-,-,1,-,-,-,210.2,-,25.1,14.12,-,520,1962,-,-,-,-,-,-,-,-,-,-,0.01,26.67,-,2520.76,-,-,-,-,-,-,0,-,-,-,-,-,-,-,-,94.37,0,5.63,-,0.39,10.98,10.5,-,-,-12.6,14.83,14.9,-
Mon Oct 28 15:47:11 PDT 2024,28-Oct-2024 15:47:11.454,-122.37,45.60,22.200000762939453,10.194228172302246,112.96453857421875,89.80000305175781,-0.5,2.26,-9.89,0.05,-,10.59,0.03,7,14.08,-,-,-,34.28,34.28,-,-,-,-,1217.84,-,-,-,-,1,-,-,-,210.2,-,25.1,14.12,-,520,1958,-,-,-,-,-,-,-,-,-,-,0.01,26.67,-,2520.76,-,-,-,-,-,-,0,-,-,-,-,-,-,-,-,94.4,0,5.6,-,0.39,10.98,10.5,-,-,-12.6,14.82,14.9,-
Mon Oct 28 15:47:12 PDT 2024,28-Oct-2024 15:47:12.440,-122.37,45.60,22.219999313354492,10.261421203613281,113.408935546875,89.30000305175781,-0.82,2.97,-11.09,0.19,-,10.59,0.14,7,14.08,-,-,-,34.38,34.38,-,-,-,-,1217.84,-,-,-,-,1,-,-,-,206.6,-,33.33,14.12,-,520,1956,-,-,-,-,-,-,-,-,-,-,0.01,26.67,-,2520.76,-,-,-,-,-,-,0,-,-,-,-,-,-,-,-,94.43,0,5.57,-,0.39,10.98,10.5,-,-,-12.6,14.82,14.9,-
Mon Oct 28 15:47:12 PDT 2024,28-Oct-2024 15:47:13.377,-122.37,45.60,22.219999313354492,10.261421203613281,113.408935546875,89.30000305175781,-0.8,2.58,-9.5,0.03,-,10.59,-0.02,7,14.08,-,-,-,34.47,34.47,-,-,-,-,1217.84,-,-,-,-,1,-,-,-,206.6,-,33.73,14.12,-,520,1949,-,-,-,-,-,-,-,-,-,-,0.01,26.67,-,2520.76,-,-,-,-,-,-,0,-,-,-,-,-,-,-,-,94.45,0,5.55,-,0.39,10.98,10.5,-,-,-12.6,14.82,14.9,-
Mon Oct 28 15:47:13 PDT 2024,28-Oct-2024 15:47:14.282,-122.37,45.60,21.8799991607666,10.276935577392578,114.55621337890625,89.5999984741211,-0.38,2.34,-9.31,-0,-,10.59,-0.03,7,14.08,-,-,-,34.56,34.56,-,-,-,-,1217.84,-,-,-,-,1,-,-,-,206.6,-,33.73,14.12,-,520,1941,-,-,-,-,-,-,-,-,-,-,0.01,26.67,-,2520.76,-,-,-,-,-,-,0,-,-,-,-,-,-,-,-,94.48,0,5.52,-,0.39,10.98,10.5,-,-,-12.6,14.82,14.9,-
Mon Oct 28 15:47:14 PDT 2024,28-Oct-2024 15:47:15.264,-122.37,45.60,21.770000457763672,10.146580696105957,114.6893310546875,89.5999984741211,0.05,2.46,-10,0.07,-,10.59,0.02,7,14.08,-,-,-,34.65,34.65,-,-,-,-,1217.84,-,-,-,-,1,-,-,-,204.8,-,33.73,14.12,-,520,1933,-,-,-,-,-,-,-,-,-,-,0.01,26.67,-,2520.76,-,-,-,-,-,-,0,-,-,-,-,-,-,-,-,94.51,0,5.49,-,0.39,10.98,10.5,-,-,-12.6,14.82,14.9,-
Mon Oct 28 15:47:15 PDT 2024,28-Oct-2024 15:47:16.205,-122.37,45.60,21.549999237060547,10.061697006225586,116.637939453125,89.5999984741211,-0.84,2.57,-10.42,0.12,-,10.59,0.01,7,14.08,-,-,-,34.74,34.74,-,-,-,-,1217.84,-,-,-,-,1,-,-,-,204.8,-,33.73,14.12,-,520,1924,-,-,-,-,-,-,-,-,-,-,0.01,26.67,-,2520.76,-,-,-,-,-,-,0,-,-,-,-,-,-,-,-,94.53,0,5.47,-,0.39,10.98,10.5,-,-,-12.6,14.82,14.9,-
Mon Oct 28 15:47:16 PDT 2024,28-Oct-2024 15:47:17.135,-122.37,45.60,21.459999084472656,10.211610794067383,117.58709716796875,89.5999984741211,-0.84,2.8,-10.29,0.11,-,10.59,0.01,7,14.08,-,-,-,34.83,34.83,-,-,-,-,1217.84,-,-,-,-,1,-,-,-,204.8,-,33.73,14.12,-,520,1920,-,-,-,-,-,-,-,-,-,-,0.01,26.67,-,2520.76,-,-,-,-,-,-,0,-,-,-,-,-,-,-,-,94.56,0,5.44,-,0.39,10.98,10.5,-,-,-12.6,14.82,14.9,-
Mon Oct 28 15:47:17 PDT 2024,28-Oct-2024 15:47:18.188,-122.37,45.60,21.690000534057617,10.151247024536133,115.44384765625,89.5,-0.8,2.28,-10.85,0.15,-,10.59,0,7,14.08,-,-,-,34.91,34.91,-,-,-,-,1217.84,-,-,-,-,1,-,-,-,203,-,34.51,14.12,-,520,1917,-,-,-,-,-,-,-,-,-,-,0.01,26.67,-,2520.76,-,-,-,-,-,-,0,-,-,-,-,-,-,-,-,94.59,0,5.41,-,0.39,10.98,10.5,-,-,-12.6,14.81,14.9,-
Mon Oct 28 15:47:18 PDT 2024,28-Oct-2024 15:47:19.023,-122.37,45.60,21.440000534057617,10.38199234008789,113.64935302734375,89.9000015258789,-0.35,2.4,-9.15,-0.02,-,10.59,-0.01,7,14.08,-,-,-,35,35,-,-,-,-,1217.84,-,-,-,-,1,-,-,-,203,-,34.9,14.12,-,520,1915,-,-,-,-,-,-,-,-,-,-,0.01,26.67,-,2520.76,-,-,-,-,-,-,0,-,-,-,-,-,-,-,-,94.61,0,5.39,-,0.39,10.98,10.5,-,-,-12.6,14.78,14.9,-
Mon Oct 28 15:47:19 PDT 2024,28-Oct-2024 15:47:19.948,-122.37,45.60,21.5,10.720273971557617,113.44744873046875,90.4000015258789,-0.46,2.57,-7.91,-0.13,-,10.59,-0.15,7,14.08,-,-,-,35.08,35.08,-,-,-,-,1217.84,-,-,-,-,1,-,-,-,203,-,34.9,14.12,-,520,1912,-,-,-,-,-,-,-,-,-,-,0.01,26.67,-,2520.76,-,-,-,-,-,-,0,-,-,-,-,-,-,-,-,94.64,0,5.36,-,0.39,10.98,10.5,-,-,-12.6,14.76,14.9,-
Mon Oct 28 15:47:20 PDT 2024,28-Oct-2024 15:47:20.990,-122.37,45.60,21.600000381469727,10.364147186279297,113.78082275390625,90.0999984741211,-0.59,2.4,-10.48,0.12,-,10.59,-0.07,7,14.08,-,-,-,35.16,35.16,-,-,-,-,1217.84,-,-,-,-,1,-,-,-,203,-,34.9,14.12,-,520,1915,-,-,-,-,-,-,-,-,-,-,0.01,26.67,-,2520.76,-,-,-,-,-,-,0,-,-,-,-,-,-,-,-,94.67,0,5.33,-,0.39,10.98,10.5,-,-,-12.6,14.8,14.9,-
Mon Oct 28 15:47:21 PDT 2024,28-Oct-2024 15:47:21.945,-122.37,45.60,21.200000762939453,10.697332382202148,112.7874755859375,89.5999984741211,-0.39,2.19,-9.75,0.04,-,10.59,0.01,7,14.08,-,-,-,35.24,35.24,-,-,-,-,1217.84,-,-,-,-,1,-,-,-,203,-,34.51,14.12,-,520,1922,-,-,-,-,-,-,-,-,-,-,0.01,26.67,-,2520.76,-,-,-,-,-,-,0,-,-,-,-,-,-,-,-,94.69,0,5.31,-,0.39,10.98,10.5,-,-,-12.6,14.82,14.9,-
Mon Oct 28 15:47:22 PDT 2024,28-Oct-2024 15:47:22.845,-122.37,45.60,21.649999618530273,10.578557014465332,113.49932861328125,89.5,-0.7,2.5,-9.6,0.03,-,10.59,0.01,7,14.08,-,-,-,35.32,35.32,-,-,-,-,1217.84,-,-,-,-,1,-,-,-,203,-,34.51,14.12,-,520,1931,-,-,-,-,-,-,-,-,-,-,0.01,26.67,-,2520.76,-,-,-,-,-,-,0,-,-,-,-,-,-,-,-,94.71,0,5.29,-,0.39,10.98,10.5,-,-,-12.6,14.82,14.9,-
Mon Oct 28 15:47:23 PDT 2024,28-Oct-2024 15:47:23.790,-122.37,45.60,22.059999465942383,10.616216659545898,114.34185791015625,89.5,-0.05,2.27,-8.71,-0.06,-,10.59,-0.05,7,14.08,-,-,-,35.41,35.41,-,-,-,-,1217.84,-,-,-,-,1,-,-,-,201.2,6.84,34.51,14.12,-,520,1948,-,-,-,-,-,-,-,-,-,-,0.01,26.67,-,2520.76,-,-,9.17,-,-,-,0,-,-,-,-,-,-,-,-,94.74,0,5.26,-,0.39,10.98,10.5,33.51,-,-12.6,14.82,14.9,-
Mon Oct 28 15:47:24 PDT 2024,28-Oct-2024 15:47:24.717,-122.37,45.60,22.399999618530273,10.438676834106445,114.79620361328125,89.4000015258789,-0.07,2.32,-9.21,-0.01,-,10.59,0.05,7,14.08,-,-,-,35.49,35.49,-,-,-,-,1217.84,-,-,-,-,1,-,-,-,201.2,6.84,34.12,14.12,-,520,1970,-,-,-,-,-,-,-,-,-,-,0.01,26.67,-,2520.76,-,-,9.17,-,-,-,0,-,-,-,-,-,-,-,-,94.76,0,5.24,-,0.39,10.98,10.5,33.51,-,-12.6,14.83,14.9,-
Mon Oct 28 16:36:20 PDT 2024,28-Oct-2024 16:36:20.479,-122.39,45.59,1.2200000286102295,4.633375644683838,16.05908203125,175.10000610351562,5.52,3.13,-7.34,0,-,10.59,0,7,14.08,-,-,-,37.81,34.05,-,-,-,-,1217.84,-,-,-,-,1,-,-,-,206.6,0.56,25.1,14.12,-,520,780,-,-,-,-,-,-,-,-,-,-,0.01,26.67,-,2520.76,-,-,0.75,-,-,-,0,-,-,-,-,-,-,-,-,63.78,21.02,15.2,-,0.39,10.98,10.5,6.86,-,-12.6,13.78,14,-
Mon Oct 28 16:36:20 PDT 2024,28-Oct-2024 16:36:20.981,-122.39,45.59,1.2200000286102295,4.633375644683838,16.05908203125,175.10000610351562,5.73,3.03,-7.28,0.01,-,10.59,-0.01,7,14.08,-,-,-,37.8,34.04,-,-,-,-,1217.84,-,-,-,-,1,-,-,-,206.6,0.56,26.67,14.12,-,520,778,-,-,-,-,-,-,-,-,-,-,0.01,26.67,-,2520.76,-,-,0.75,-,-,-,0,-,-,-,-,-,-,-,-,63.77,21.01,15.22,-,0.39,10.98,10.5,6.86,-,-12.6,13.79,14,-
Mon Oct 28 16:36:21 PDT 2024,28-Oct-2024 16:36:21.439,-122.39,45.59,0.6000000238418579,4.80570125579834,16.1900634765625,176.10000610351562,5.48,3.37,-7.18,0.01,-,10.59,0,7,14.08,-,-,-,37.79,34.03,-,-,-,-,1217.84,-,-,-,-,1,-,-,-,206.6,0.56,27.06,14.12,-,520,779,-,-,-,-,-,-,-,-,-,-,0.01,26.67,-,2520.76,-,-,0.75,-,-,-,0,-,-,-,-,-,-,-,-,63.76,21.01,15.23,-,0.39,10.98,10.5,6.86,-,-12.6,13.79,14,-
Mon Oct 28 16:36:21 PDT 2024,28-Oct-2024 16:36:22.009,-122.39,45.59,0.6000000238418579,4.80570125579834,16.1900634765625,176.10000610351562,5.49,3.41,-7.18,0,-,10.59,0,7,14.08,-,-,-,37.78,34.02,-,-,-,-,1217.84,-,-,-,-,1,-,-,-,206.6,0.56,28.63,14.12,-,520,780,-,-,-,-,-,-,-,-,-,-,0.01,26.67,-,2520.76,-,-,0.75,-,-,-,0,-,-,-,-,-,-,-,-,63.75,21,15.25,-,0.39,10.98,10.5,6.86,-,-12.6,13.79,14,-
Mon Oct 28 16:36:22 PDT 2024,28-Oct-2024 16:36:22.630,-122.39,45.59,0.27000001072883606,5.1508870124816895,16.24951171875,176.10000610351562,5.49,3.85,-7.09,0.01,-,10.59,0,7,14.08,-,-,-,37.77,34.02,-,-,-,-,1217.84,-,-,-,-,1,-,-,-,206.6,0.56,29.41,14.12,-,520,780,-,-,-,-,-,-,-,-,-,-,0.01,26.67,-,2520.76,-,-,0.75,-,-,-,0,-,-,-,-,-,-,-,-,63.73,21,15.27,-,0.39,10.98,10.5,6.86,-,-12.6,13.79,14.1,-
Mon Oct 28 16:36:22 PDT 2024,28-Oct-2024 16:36:23.219,-122.39,45.59,0.27000001072883606,5.1508870124816895,16.24951171875,176.10000610351562,5.64,2.75,-7.42,0.01,-,10.59,0,7,14.08,-,-,-,37.76,34.01,-,-,-,-,1217.84,-,-,-,-,1,-,-,-,206.6,0.56,29.02,14.12,-,520,778,-,-,-,-,-,-,-,-,-,-,0.01,26.67,-,2520.76,-,-,0.75,-,-,-,0,-,-,-,-,-,-,-,-,63.72,21,15.29,-,0.39,10.98,10.5,6.86,-,-12.6,13.79,14,-
Mon Oct 28 16:36:23 PDT 2024,28-Oct-2024 16:36:23.726,-122.39,45.59,0.23999999463558197,5.755030155181885,16.2364501953125,175.89999389648438,5.4,3.2,-7.4,0.01,-,10.59,-0.01,7,14.08,-,-,-,37.75,34,-,-,-,-,1217.84,-,-,-,-,1,-,-,-,206.6,-,29.02,14.12,-,520,782,-,-,-,-,-,-,-,-,-,-,0.01,26.67,-,2520.76,-,-,-,-,-,-,0,-,-,-,-,-,-,-,-,63.7,20.99,15.3,-,0.39,10.98,10.5,-,-,-12.6,13.8,13.9,-
Mon Oct 28 16:36:23 PDT 2024,28-Oct-2024 16:36:24.258,-122.39,45.59,0.23999999463558197,5.755030155181885,16.2364501953125,175.89999389648438,5.17,3.68,-7.34,0.01,-,10.59,-0.02,7,14.08,-,-,-,37.75,33.99,-,-,-,-,1217.84,-,-,-,-,1,-,-,-,206.6,-,28.63,14.12,-,520,781,-,-,-,-,-,-,-,-,-,-,0.01,26.67,-,2520.76,-,-,-,-,-,-,0,-,-,-,-,-,-,-,-,63.69,20.99,15.32,-,0.39,10.98,10.5,-,-,-12.6,13.79,14,-
Mon Oct 28 16:36:24 PDT 2024,28-Oct-2024 16:36:24.799,-122.39,45.59,0.0,6.448075771331787,16.138916015625,0.0,6.04,4.62,-6.14,0.01,-,10.59,-0.04,7,14.08,-,-,-,37.75,33.98,-,-,-,-,1217.84,-,-,-,-,1,-,-,-,204.8,-,28.24,14.12,-,520,780,-,-,-,-,-,-,-,-,-,-,0.01,26.67,-,2520.76,-,-,-,-,-,-,0,-,-,-,-,-,-,-,-,63.68,20.98,15.34,-,0.39,10.98,10.5,-,-,-12.6,13.89,14,-
Mon Oct 28 16:36:24 PDT 2024,28-Oct-2024 16:36:25.287,-122.39,45.59,0.0,6.448075771331787,16.138916015625,0.0,4.68,3.46,-7.64,0.03,-,10.59,0.03,7,14.08,-,-,-,37.75,33.98,-,-,-,-,1217.84,-,-,-,-,1,-,-,-,204.8,-,28.24,14.12,-,520,780,-,-,-,-,-,-,-,-,-,-,0.01,26.67,-,2520.76,-,-,-,-,-,-,0,-,-,-,-,-,-,-,-,63.67,20.98,15.35,-,0.39,10.98,10.5,-,-,-12.6,13.86,14,-
Mon Oct 28 16:36:25 PDT 2024,28-Oct-2024 16:36:25.767,-122.39,45.59,0.3199999928474426,6.436761379241943,16.0274658203125,169.6999969482422,4.36,3.35,-8,0,-,10.59,-0.01,7,14.08,-,-,-,37.75,33.97,-,-,-,-,1217.84,-,-,-,-,1,-,-,-,204.8,-,19.22,14.12,-,520,777,-,-,-,-,-,-,-,-,-,-,0.01,26.67,-,2520.76,-,-,-,-,-,-,0,-,-,-,-,-,-,-,-,63.66,20.98,15.37,-,0.39,10.98,10.5,-,-,-12.6,13.86,14,-
Mon Oct 28 16:36:30 PDT 2024,28-Oct-2024 16:36:31.062,-122.39,45.59,0.23000000417232513,5.7586669921875,14.81622314453125,169.10000610351562,9.09,7.81,-9.46,0.58,-,10.59,0.55,7,14.08,-,-,-,37.75,33.96,-,-,-,-,1217.84,-,-,-,-,1,-,-,-,204.8,-,19.22,14.12,-,520,778,-,-,-,-,-,-,-,-,-,-,0.01,26.67,-,2520.76,-,-,-,-,-,-,0,-,-,-,-,-,-,-,-,63.55,20.94,15.51,-,0.39,10.98,10.5,-,-,-12.6,13.86,12.6,-
Mon Oct 28 16:36:38 PDT 2024,28-Oct-2024 16:36:38.596,-122.39,45.59,0.6100000143051147,5.469834327697754,16.82562255859375,59.20000076293945,6.54,-12.08,0.01,0.42,-,10.59,0.4,7,14.08,-,-,-,37.75,33.96,-,-,-,-,1217.84,-,-,-,-,1,-,-,-,204.8,-,19.22,14.12,-,520,778,-,-,-,-,-,-,-,-,-,-,0.01,26.67,-,2520.76,-,-,-,-,-,-,0,-,-,-,-,-,-,-,-,63.36,20.88,15.76,-,0.39,10.98,10.5,-,-,-12.6,13.86,12.6,-
